,x,y,z,qx,qy,qz,qw,type,map
0,1.28656383816,-0.0835796779825,0.955403180386,0.164588842552,0.163570049095,0.144665096652,0.961900116223,1.0,1.0
1,1.22995134909,-0.0837467565159,1.00608644549,0.166573015268,0.153554581867,0.177826994571,0.957641131354,1.0,1.0
2,1.24001043254,-0.0951830785376,1.0161377688,0.165877729744,0.154626633119,0.180640041195,0.95706267497,1.0,1.0
3,1.25486114116,-0.0992348981402,1.03440541743,0.166539551541,0.152196018897,0.181471610641,0.957180009819,1.0,1.0
4,1.26638853469,-0.0991624351596,1.04451998068,0.167397973265,0.155758839621,0.181303649532,0.956488673043,1.0,1.0
5,1.26760784698,-0.103112168088,1.04707030343,0.165049351795,0.154772918116,0.181806291735,0.95696137902,1.0,1.0
6,1.27215231139,-0.107341897622,1.05026522176,0.165627696853,0.154006562578,0.179838212746,0.957356920526,1.0,1.0
