,x,y,z,qx,qy,qz,qw,type,map
0,1.02758457018,-0.149508419032,0.0,0.0,0.0,-0.117672245941,0.993052487301,1.0,1.0
1,1.97455227253,-0.483504898013,0.0,0.0,0.0,-0.197643162679,0.980274033241,1.0,1.0
2,2.80008663837,-1.0623888189,0.0,0.0,0.0,-0.36453002842,0.931191633543,1.0,1.0
3,3.55701969921,-1.72705002486,0.0,0.0,0.0,-0.325124385697,0.94567126097,1.0,1.0
4,-9.1186720443,4.66852754025,0.0,0.0,0.0,-0.6118874592,0.790944838326,1.0,1.0
