,x,y,z,qx,qy,qz,qw,type,map
0,-0.857182085514,0.107281923294,0.545756161213,-0.00201483295055,0.000249910734543,0.00315063443573,0.999992975723,1.0,1.0
1,-1.48987281322,0.935365378857,0.610249340534,-0.00231056194671,0.00612706733162,0.0402780729093,0.999167051695,1.0,1.0
2,-2.10636854172,1.76050961018,0.675151884556,0.00374403111095,0.0134684803961,0.076073958203,0.997004180107,1.0,1.0
