,x,y,z,qx,qy,qz,qw,type,map
0,1.84920993942,1.9621837766,1.55398489134,0.0119849209339,-0.00994641837031,0.46455728403,0.885406059075,1.0,1.0
